{"loss": [0.030940309166908264, 0.009470745921134949, 0.00874659325927496, 0.008535350672900677, 0.008478770032525063, 0.00837275106459856, 0.008357186801731586, 0.008738357573747635, 0.008853618986904621, 0.008956103585660458, 0.009117519482970238, 0.009494132362306118, 0.009876804426312447, 0.012759974226355553, 0.01193823292851448, 0.011872424744069576, 0.01191981602460146, 0.011823587119579315, 0.011822699569165707, 0.01148984208703041, 0.010598166845738888, 0.010286867618560791, 0.00988258421421051], "mae": [0.1893664300441742, 0.11177969723939896, 0.10787225514650345, 0.10681144893169403, 0.10664379596710205, 0.106069415807724, 0.10607179254293442, 0.10820669680833817, 0.10887207090854645, 0.10943165421485901, 0.11039989441633224, 0.11254114657640457, 0.11471743136644363, 0.12980803847312927, 0.124876469373703, 0.12444747239351273, 0.12461139261722565, 0.12407848984003067, 0.12404554337263107, 0.12193838506937027, 0.1171012744307518, 0.11541186273097992, 0.11312790215015411], "val_loss": [0.007038928102701902, 0.007762261666357517, 0.007730549667030573, 0.007482036482542753, 0.007709675468504429, 0.007492532022297382, 0.0073151555843651295, 0.007337549701333046, 0.007143254857510328, 0.006970030255615711, 0.006958337035030127, 0.006996995769441128, 0.00720281433314085, 0.015387745574116707, 0.015284922905266285, 0.016176044940948486, 0.016939865425229073, 0.016827505081892014, 0.01689077541232109, 0.016009969636797905, 0.013412397354841232, 0.010968082584440708, 0.009651197120547295], "val_mae": [0.09623445570468903, 0.1006406843662262, 0.10044529289007187, 0.0989215150475502, 0.10031786561012268, 0.09898566454648972, 0.09790147095918655, 0.09803958237171173, 0.09686322510242462, 0.09582772850990295, 0.09576139599084854, 0.09599749743938446, 0.09722541272640228, 0.14514955878257751, 0.14455324411392212, 0.14948701858520508, 0.15365424752235413, 0.15305136144161224, 0.15336039662361145, 0.14845560491085052, 0.13372141122817993, 0.11978236585855484, 0.11147027462720871], "learning_rate": [0.0010000000474974513, 0.0010000000474974513, 0.0010000000474974513, 0.0010000000474974513, 0.0010000000474974513, 0.0010000000474974513, 0.0010000000474974513, 0.0005000000237487257, 0.0005000000237487257, 0.0005000000237487257, 0.0005000000237487257, 0.0005000000237487257, 0.0005000000237487257, 0.0002500000118743628, 0.0002500000118743628, 0.0002500000118743628, 0.0002500000118743628, 0.0002500000118743628, 0.0002500000118743628, 0.0001250000059371814, 0.0001250000059371814, 0.0001250000059371814, 0.0001250000059371814]}